review_id,business,location,review_date,rating,review,source,author,review_reply_url
R001,Moti Mahal,Toronto,6/20/2026,5,"We visited MotiMahal Restaurant in the Gerrard India Bazaar and enjoyed experiencing one of Toronto’s longest-running Indian restaurants. Serving the community since 1976, Moti Mahal has been a neighborhood landmark for generations and offers a casual, welcoming atmosphere, offering a mix of Indian street food, curries, thalis, sweets, and traditional favorites.

The restaurant has a long history and connection to Toronto’s Little India community. And, the menu offers a wide variety of options, from quick snacks and street food to full meals and freshly made sweets prepared in-house.

We were impressed with their selection of Indian sweets. The display offered a great variety of traditional desserts, and we ended up getting a mixed box to take home.",Google,Alaleh - FoodyTO,https://www.google.com/maps/contrib/103869732971444044816/reviews?hl=en-CA
R002,Moti Mahal,Toronto,1/18/2026,5,"A legendary spot in Toronto with almost 50 years of history! The chole bhature and keema paratha were absolutely amazing—rich flavors, authentic taste, and truly satisfying. You can tell the food carries decades of tradition and consistency. Mango lassi was decent.

The restaurant itself isn’t super clean or fancy, but the food more than makes up for it. If you’re looking for real, old-school North Indian comfort food, Moti Mahal is a must-visit.
Food: 5/5  |  Service: 5/5  |  Atmosphere: 3/5

Noise level
Quiet, easy to talk",Google,Abinash Panda,https://www.google.com/maps/contrib/102575625660281824131/reviews?hl=en-CA
R003,Moti Mahal,Toronto,5/2/2026,1,"Dine in  |  Brunch  |  CA$10–20
I came to the Moti Mahal restaurant today to have some chatpata food. I had heard a lot about Moti Mahal, that they have many dishes, so we came to taste them. But we wanted to get a lot of things, and we only got a few items. But, the cashier named Ritesh, his way of speaking is not appropriate. His behavior is completely senseless. He has no idea how to manage or handle customers. His attitude was as if I had bought nothing from the restaurant, just a small snack, even though there are many dishes here. But I request the manager of this restaurant to teach him some manners, how to speak to customers, and how to treat them.
Food: 2/5  |  Service: 1/5  |  Atmosphere: 1/5",Google,Mohammed Faiz Ansari,https://www.google.com/maps/contrib/104253115709864877271/reviews?hl=en-CA
R004,Moti Mahal,Toronto,2/6/2026,2,"I am giving two star for their raj kachori and naan. They tasted good. But for the other items that came with non-veg thaali, all of them were BAD. They tested super salty, greasy and overpoweringly spiced-up. I had acid reflux straight away after finishing the food. Definitely, the worst Indian food I have ever tried.
Food: 1/5  |  Service: 1/5  |  Atmosphere: 1/5",Google,Sneha Paul,https://www.google.com/maps/contrib/100201453242781394037/reviews?hl=en-CA
R005,Moti Mahal,Toronto,2/8/2026,5,"I’ve been a regular at Moti Mahal Restaurant for over six years now. This place is run by a wonderful elderly couple who are incredibly warm and kind—even today, they still head into the kitchen every single day to personally cook and oversee the dishes. The staff here is always professional and welcoming, making you feel right at home the moment you walk in.
?You can always find the perfect lunch to satisfy your cravings here. From their crispy samosas and traditional naan to my personal favorite—the lamb biryani—plus a great selection of desserts, they have it all. If you’re looking to experience authentic, time-honored Indian flavors, I highly recommend checking this place out!
Group size
1 person, 2 people",Google,Franklin Chen,https://www.google.com/maps/contrib/103544091814208383512/reviews?hl=en-CA
R006,Moti Mahal,Toronto,2/7/2026,2,"Bakwas, I don't know how people are fan of their's, I ordered Chana bhatura which didn't tasted well, channa was spiceless,no taste was in it ,just they tried to give small portion of aaloo sabji along which balanced it ,was my first try after long time ND last too, alloo prontha tasted same ,felt like it would've been more spicy,
It was different around 2021-2022 .
Last and important - I saw pakoras on the display ND I ordered 2 paneer pakoras as I like them alot and when I got it they didn't even microwaved them atleast before serving, they were cold as ever and when I tasted it ,it tasted so disgusting ,it's all about Masala inside which was definitely not upto mark ND even paneer was not real what I felt ,I felt like it was tofu ,cmon guys everywhere u have to use tofu instead of real cheese ,it ended all the taste I was expecting ,I didn't even completed eating pieces i ordered, paneer pakoda was 0/10.
Won't recommend
If anyone want to have chana bhatura, try locations in brampton better .
Food: 2/5  |  Service: 4/5  |  Atmosphere: 3/5

Group size
1 person",Google,Guri Ghattor,https://www.google.com/maps/contrib/117558656005584825961/reviews?hl=en-CA
R007,Moti Mahal,Toronto,12/5/2025,,"The Bhature were quite oily and the Chana could’ve been a lot more flavorful; I was expecting a stronger tadka. The Samosa Chaat felt pretty average, and the samosa didn’t taste fresh at all. The Kachori Chana was slightly better — above average but nothing exceptional.

There’s no table service, so you have to order at the counter and wait, which can take a while. The place is very small, making it awkward to stand and wait for your order. Also, the cleanliness is below average, which takes away from the overall experience.

Decent for a quick and affordable bite if you’re nearby, but not something I’d go out of my way for.
Food: 3/5  |  Service: 2/5  |  Atmosphere: 2/5

Group size
2 people

Wait time
10-30 min

Parking space
Somewhat difficult to find parking

Parking options
Paid parking lot",Google,Kuldip Kanojia,https://www.google.com/maps/contrib/104191046564140535330/reviews?hl=en-CA
R008,Moti Mahal,Toronto,8/31/2026,1,"I have been coming here since 1985, it is my favourite childhood restaurant. So imagine my shock when they wouldn't sell me an item that's on the menu and in stock. Idk if the owners have changed or what, everyone working is different, but protecting khadi like it's Ft Knox to a 40 year customer is silly. Motimahal isn't the place I know anymore. They gave me all bones in the butter chicken too, when it's always been white meat.
Food: 5/5  |  Service: 1/5  |  Atmosphere: 3/5",Google,R. Kanji,https://www.google.com/maps/contrib/107232624749062124820/reviews?hl=en-CA
R009,Moti Mahal,Toronto,8/20/2026,5,"I had authentic Indian food after a very long time. Chana Bhatura used to be my daily breakfast in a different life and I have missed a good plate almost every day I have been in Toronto.

My friend took me to Moti Mahal and it was exactly what I was looking for! Even the sweets counter is exactly as you would see in North India. Reminded me of my hometown.
Wait time
No wait",Google,Siddharth Tyagi,https://www.google.com/maps/contrib/113864409065114429592/reviews?hl=en-CA
R010,Moti Mahal,Toronto,9/5/2024,5,"A classic and historical spot on Gerrard, we had a great time at MotiMahal! Their food was delicious and authentic, bringing the taste of the street food and dishes to India right here. It was fairly busy when we were there with lots of groups of family and friends there. You can't go wrong with this place.
Food: 5/5  |  Service: 5/5  |  Atmosphere: 4/5

Recommended dishes
Channa Bhatura, Raj Kachori, Chicken Tikka, Kulfi",Google,6ix Foodspots,https://www.google.com/maps/contrib/113202096685410723763/reviews?hl=en-CA
R011,Moti Mahal,Toronto,4/9/2024,1,The food is below average. I ordered chicken tikka with naan and the chicken had chunks of onions. They weren’t even diced. No taste at all in any food item we ordered,Google,Akansha Verma ,https://www.google.com/maps/contrib/108204734892823580464/reviews?hl=en-CA
R012,Moti Mahal,Toronto,6/8/2026,1,"This place needs to improve seriously. I remember visiting it in 2019 when their hygiene was a little better but now they might as well be making people sick. I got their chole bhature and started vomiting as soon as I got back home. I had severe stomachache for the next few days. Their kitchen has stale food and nobody in the staff has any hygiene manners. It’s never properly mopped and you can even smell an eerie stinky smell. Please please please take proper measures as people’s health is affected when you don’t. In the pictures, you can look at the amount of oil used in there. I didn’t even finish half of it and still got sick. Never going back unless they fix their hygiene.",Google,Kirti Khanna,https://www.google.com/maps/contrib/105677419357806911202/reviews?hl=en-CA
R013,Moti Mahal,Toronto,9/21/2024,5,"Moti Mahal has existed in this neighbourhood for many years. It offers a mixture of Delhi style street food with South Indian dosas. There are many restaurants in Gerrard Street that offer a diverse mixture of South Asian dishes, but if I'm here in this neighbourhood, I would prefer Moti Mahal.",Google,Alvin Ma,https://www.google.com/maps/contrib/103816310242706378740/reviews?hl=en-CA
R014,Moti Mahal,Toronto,5/9/2025,2,"To begin with service they have poor service. The cashier over there have some different attitude and the guy who gives order he’s doesn’t have sense to deal with the customer….For the atmosphere, the place is nothing but unhygienic…….their washroom is dirty like hell….they have no paper tower to use in the washroom, no dryer is working to get one’s hand dry. The food is just a hype…my friends they didn’t even finish their plates……it was just like as we got it. No doubt, the price is cheep as their service and food. The boy Riteish was rude I guess. It’s like one time place!! Never gonna visit again. I had really bad experience.
Food: 3/5  |  Service: 1/5  |  Atmosphere: 1/5",Google,Ayushi Bakshi,https://www.google.com/maps/contrib/114575078422859380119/reviews?hl=en-CA
R015,Moti Mahal,Toronto,4/5/2026,3,"I recently visited Moti Mahal for some Indian street food cravings and had a mixed experience. We ordered a variety of chaat items including sweets. The Raj Kachori was a bit disappointing it resembled more of a basket chaat and lacked the authentic flavor and presentation I expected. However, we also did a takeout of Chole Bhature, and it was delicious. A definite must-try if you visit!

Overall, a decent spot for Indian snacks, but stick to the classics like Chole Bhature for the best experience.
Food: 3/5  |  Service: 5/5  |  Atmosphere: 4/5",Google,Prajay Patel,https://www.google.com/maps/contrib/111791838123684477389/reviews?hl=en-CA
R016,Moti Mahal,Toronto,12/9/2026,2,"Decent food. I ordered chana bhatura, tandoori chicken and fish pakora. None of the dishes stood out, to be honest. It was just average South Asian food. The chana itself was very salty and the tandoori chicken was well seasoned but not especially moist. The fish pakora isn't worth it at all — small fish pieces in a lot of batter. I don't think I'll be getting food from Moti mahal again.
Food: 3/5  |  Service: 3/5  |  Atmosphere: 3/5",Google,Deep Mistry,
R017,Moti Mahal,Toronto,12/12/2025,3,"We tried following items,
- Mango Lassi - 1.5/5 - Was bitter for some reason
- Falooda - 1/5 - was watered down
- Channa Bhature - 3.5/5 - this was great but channa and bhature was a bit oily.
- Pani Puri - 5/5 - it was the best thing we got.

We took take-out and here are some other stuff we noticed,

Staff - 5/5 - super friendly, we didn’t have to wait too long for food to get ready even though there were a lot of people dining in at the time.
Hygiene - 2/5 - we found dirt on the outside container for the drinks which was off-putting. Also staff was using windex to clean tables as opposed to actual sanitary solutions.

Giving 3/5 for the overall experience here.
Food: 5/5  |  Service: 5/5  |  Atmosphere: 4/5

Seating type
Indoor dining area, Counter seating",Google,Vihaan Shah,https://www.google.com/maps/contrib/117881611790414058797/reviews?hl=en-CA
R018,Moti Mahal,Toronto,7/5/2026,1,We have been visiting Moti Mahal for over 4 years but this was the very first time we were served with the oiliest and flakiest bathura’s. The food was not up to the mark and it was really disappointing. Not up to the standards of Moti Mahal.,Google,Rajat Mishra,https://www.google.com/maps/contrib/115484336991292747181/reviews?hl=en-CA
R019,Moti Mahal,Toronto,1/31/2026,4,"The place is pretty narrow, and with chairs in the middle, we didn't feel so comfortable walking to the counter to make an order. Service was pretty fast, and it didn't take long for our order to be ready. Portions are decent size for the price, we ate half of what we ordered and took other half home. Everything tasted good, naan bread was a little to oily, but still very delicious. In our opinion reusable plastic plates could be replaced with proper ones and disposable cutlery could also be replaced with more sustainable options. Overall good experience and worth to visit at least once.",Google,Nishit Shah,https://www.google.com/maps/contrib/114552784744610186742/reviews?hl=en-CA
R020,Moti Mahal,Toronto,3/15/2026,1,"The quality of the food, in terms of taste and presentation, did not meet expectations. The channa bhature and pani puri lacked flavor. The Raj Kachori was decent, and the mango lassi was good, as expected. Overall, it was not worth the money.",Google,Rob Dick,https://www.google.com/maps/contrib/111154416144187613669/reviews?hl=en-CA
